,n_genes_by_counts,total_counts,total_counts_mt,pct_counts_mt,n_genes,n_counts,sctri_rna_leiden_1,sctri_rna_leiden_2,sctri_rna_leiden_3,doublet_scores,reassign@sctri_rna_leiden_1,tfidf10@sctri_rna_leiden_1,SCCAF@sctri_rna_leiden_1,doublet@sctri_rna_leiden_1,tfidf5@sctri_rna_leiden_1,reassign@sctri_rna_leiden_2,tfidf10@sctri_rna_leiden_2,SCCAF@sctri_rna_leiden_2,doublet@sctri_rna_leiden_2,tfidf5@sctri_rna_leiden_2,reassign@sctri_rna_leiden_3,tfidf10@sctri_rna_leiden_3,SCCAF@sctri_rna_leiden_3,doublet@sctri_rna_leiden_3,tfidf5@sctri_rna_leiden_3,final_annotation,sctri_rna_leiden_1_shapley,sctri_rna_leiden_2_shapley,sctri_rna_leiden_3_shapley,raw,prefixed,reassign@raw,tfidf10@raw,SCCAF@raw,doublet@raw,tfidf5@raw,pruned,confidence,ori,reassign@pruned,tfidf10@pruned,SCCAF@pruned,doublet@pruned,tfidf5@pruned
AAACCCAAGCGCCCAT-1,1087,2204.0,52.0,2.3593466,1087,2204.0,0,0,20,0.06075768406004289,0.8937998772252916,0.3439838075846785,0.9251533742331288,0.10092147725346746,0.37130280304671465,0.8050713153724247,0.3507859300918892,0.8890649762282092,0.10148899088645824,0.3805522921317833,0.6995305164319249,0.4331249394858995,0.616822429906542,0.06823584435065695,0.5248428314538921,sctri_rna_leiden_1,4.0,1.3333333333333333,3.333333333333333,sctri_rna_leiden_1@0,sctri_rna_leiden_1@0|sctri_rna_leiden_1@0,0.6856508875739645,0.3422339406894759,0.8668639053254438,0.09982013932055393,0.37524819649429547,sctri_rna_leiden_1@0,0.8299570288520565,0,0.7318681318681318,0.34087432957319,0.890190336749634,0.09965020294622279,0.372858462455373
AAACCCAAGGTTCCGC-1,4200,20090.0,1324.0,6.5903435,4200,20090.0,14,18,22,0.032894736842105275,0.8297872340425532,0.8158574236335182,0.8617021276595744,0.06828310525665475,0.8788859218463015,0.9056603773584906,0.8757826138745951,0.9375,0.0669894608659765,1.0037564111504598,0.9005847953216374,0.8539603438702356,0.8470588235294118,0.0675555298114107,0.9552786801551147,sctri_rna_leiden_2,0.3333333333333333,6.666666666666666,2.333333333333333,sctri_rna_leiden_2@18,sctri_rna_leiden_1@14|sctri_rna_leiden_2@18,0.8050314465408805,0.8767835124228538,0.9625,0.0669894608659765,1.0036722009000825,sctri_rna_leiden_2@18,1.0,1,0.9259259259259259,0.8715118012431851,0.9382716049382716,0.06659199654812879,0.9851686771624536
AAACCCACAGAGTTGG-1,1836,5884.0,633.0,10.757988,1836,5884.0,2,2,2,0.05390835579514825,0.7095652173913043,0.4181291163421069,0.8104347826086956,0.07300475660048267,0.42582579367389656,0.6780487804878049,0.4078403118313299,0.787109375,0.07208010563020643,0.4239485989320037,0.6809815950920245,0.42090114511950677,0.7760736196319018,0.06426933099136449,0.4266449489575865,sctri_rna_leiden_1,6.666666666666666,2.333333333333333,3.6666666666666665,sctri_rna_leiden_1@2,sctri_rna_leiden_1@2|sctri_rna_leiden_1@2,0.6542338709677419,0.40788362684536184,0.7701612903225806,0.07158873082273735,0.4237630150366414,sctri_rna_leiden_1@2,0.8626086956521739,2,0.6700100300902708,0.4079180019195594,0.7831325301204819,0.07165279317880446,0.42336364967356116
AAACCCACAGGTATGG-1,2216,5530.0,434.0,7.848101,2216,5530.0,7,7,5,0.008906882591093117,0.9783783783783784,0.7868703149865569,0.9820143884892086,0.034403601185809866,0.8771728968728391,0.9477477477477477,0.7868703149865569,0.9855595667870036,0.034403601185809866,0.8771728968728391,0.918918918918919,0.7868703149865569,0.9820143884892086,0.034403601185809866,0.8771728968728391,sctri_rna_leiden_1,6.666666666666666,5.333333333333333,5.0,sctri_rna_leiden_1@7,sctri_rna_leiden_1@7|sctri_rna_leiden_1@7,0.9153153153153153,0.7867280231606432,0.9748201438848921,0.034403601185809866,0.8770345847482843,sctri_rna_leiden_1@7,1.0,3,0.9117117117117117,0.7868703149865569,0.9819494584837545,0.034403601185809866,0.8771728968728391
AAACCCACATAGTCAC-1,1615,5106.0,553.0,10.830396,1615,5106.0,4,3,0,0.025075225677031094,0.9898682877406282,0.6648462514443869,0.9817813765182186,0.029651745213786315,0.7176015036667331,0.9916492693110647,0.6692931115772808,0.9770354906054279,0.02911431201925055,0.7193190390843421,0.9402035623409669,0.6523547740200044,0.9567430025445293,0.029681243164883617,0.7248931329792404,sctri_rna_leiden_2,6.666666666666666,6.666666666666666,1.6666666666666665,sctri_rna_leiden_2@3,sctri_rna_leiden_1@4|sctri_rna_leiden_2@3,0.9102296450939458,0.6694248039875961,0.9874739039665971,0.02911431201925055,0.7191829641398122,sctri_rna_leiden_2@3,1.0,4,0.9898682877406282,0.6648462514443869,0.9837728194726166,0.029651745213786315,0.7176015036667331
AAACCCACATCCAATG-1,1800,4572.0,411.0,8.989501,1800,4572.0,7,7,5,0.07363420427553445,0.9783783783783784,0.7868703149865569,0.9820143884892086,0.034403601185809866,0.8771728968728391,0.9477477477477477,0.7868703149865569,0.9855595667870036,0.034403601185809866,0.8771728968728391,0.918918918918919,0.7868703149865569,0.9820143884892086,0.034403601185809866,0.8771728968728391,sctri_rna_leiden_1,6.666666666666666,5.333333333333333,5.0,sctri_rna_leiden_1@7,sctri_rna_leiden_1@7|sctri_rna_leiden_1@7,0.9153153153153153,0.7867280231606432,0.9748201438848921,0.034403601185809866,0.8770345847482843,sctri_rna_leiden_1@7,1.0,5,0.9117117117117117,0.7868703149865569,0.9819494584837545,0.034403601185809866,0.8771728968728391
AAACCCAGTGGCTACC-1,1965,6702.0,424.0,6.32647,1965,6702.0,0,0,3,0.06849315068493152,0.8937998772252916,0.3439838075846785,0.9251533742331288,0.10092147725346746,0.37130280304671465,0.8050713153724247,0.3507859300918892,0.8890649762282092,0.10148899088645824,0.3805522921317833,0.7859375,0.3736026863699238,0.64375,0.10099172212080179,0.40115765301328327,sctri_rna_leiden_1,4.0,1.3333333333333333,3.333333333333333,sctri_rna_leiden_1@0,sctri_rna_leiden_1@0|sctri_rna_leiden_1@0,0.6856508875739645,0.3422339406894759,0.8668639053254438,0.09982013932055393,0.37524819649429547,sctri_rna_leiden_1@0,0.8299570288520565,6,0.7318681318681318,0.34087432957319,0.890190336749634,0.09965020294622279,0.372858462455373
AAACCCATCCCGAGAC-1,1960,7092.0,545.0,7.6847153,1960,7092.0,0,0,3,0.104390243902439,0.8937998772252916,0.3439838075846785,0.9251533742331288,0.10092147725346746,0.37130280304671465,0.8050713153724247,0.3507859300918892,0.8890649762282092,0.10148899088645824,0.3805522921317833,0.7859375,0.3736026863699238,0.64375,0.10099172212080179,0.40115765301328327,sctri_rna_leiden_1,4.0,1.3333333333333333,3.333333333333333,sctri_rna_leiden_1@0,sctri_rna_leiden_1@0|sctri_rna_leiden_1@0,0.6856508875739645,0.3422339406894759,0.8668639053254438,0.09982013932055393,0.37524819649429547,sctri_rna_leiden_1@0,0.8299570288520565,7,0.7318681318681318,0.34087432957319,0.890190336749634,0.09965020294622279,0.372858462455373
AAACCCATCTGGCCGA-1,1695,5370.0,571.0,10.633146,1695,5370.0,8,9,9,0.25563909774436094,0.7672955974842768,0.4140609851013919,0.907563025210084,0.13099806496107133,0.49547402236082677,0.7330097087378641,0.46148281492953686,0.8883495145631068,0.1427853920941894,0.5486776444570318,0.7633262260127932,0.34400131931724975,0.7435897435897436,0.11643270856376918,0.3644349082676911,sctri_rna_leiden_1,4.0,3.6666666666666665,1.6666666666666665,sctri_rna_leiden_1@8,sctri_rna_leiden_1@8|sctri_rna_leiden_2@9,0.8125,0.26366270719185436,0.5,0.07300331728524727,0.3589422599550743,sctri_rna_leiden_2@9,0.13417190775681342,8,0.8958333333333334,0.3804105780430053,0.5625,0.1860030766024984,0.4289774942532307
